Bahnhof	lat	lon
Absberg	48,419290	15,968285
Absdorf-Hippersdorf	48,402996	15,984077
Achern	48,633022	8,065252
Adamstal	49,295744	16,662569
Adelschlag	48,840769	11,211376
Adelsheim Ost	49,402987	9,394855
Adorf (Vogtl)	50,323231	12,261043
Aich (Niederbay)	48,b417353	12,397900
Aistaig	48,314112	8,570323
Aitrang	47,819379	10,537434
Albbruck	47,592388	8,131428
Albert-Hauenstein	47,583010	8,106022
Aldingen (b Spaichingen)	48,095652	8,713059
Allensbach	47,714815	9,068270
Allentsteig	48,715204	15,330734
Allerding	48,410887	13,487134
Alsheim	49,765522	8,342485
Altenburg (Thür)	50,996580	12,443733
Althegnenberg	48,235993	11,063404
Altmittweida	50,968833	12,959533
Altmorschen	51,065430	9,613681
Altoberndorf	48,275053	8,596802
Altrip	49,443352	8,509254
Altstädten (Allgäu)	47,488383	10,280027
Ammendorf	51,425277	11,987758
Amselfing	48,858842	12,654705
Amstetten (Niederdonau)	48,121299	14,869137
Andorf (Innkr)	48,369365	13,566098
Ansbach	49,298039	10,579147
Anwanden	49,411643	10,930882
Apolda	51,031031	11,525173
Appenweier	48,541671	7,972727
Arnstadt Hbf	50,842235	10,947833
Arnstadt Süd	50,831177	10,954828
Aschbach (Url)	48,121528	14,870510
Aschersleben	51,757215	11,464577
Asperg	48,906705	9,147663
Aßmannshausen	49,985586	7,867756
Asten-St Florian	48,230276	14,417667
Attnang-Puchheim	48,014042	13,721924
Aubing	48,155952	11,413164
Auerbach (Bergstr)	49,701613	8,613453
Aufen	47,963261	8,475609
Auggen	47,790267	7,587175
Augsburg Hbf	48,365374	10,884876
Augsburg-Hochzoll	48,352941	10,943069
Augsburg-Oberhausen	48,380426	10,872173
Aurinoves	50,034099	14,591475
Auspitz	48,912459	16,706429
Aussig (Elbe) Stadt	50,659963	14,044561
Aussig (Elbe) Tepl Bf	50,658140	14,029069
Auwal	50,076201	14,723396
Baalberge	51,762422	11,783867
Backnang	48,942855	9,426613
Backnang (Spinnerei)	48,949619	9,453907
Bad Dürrenberg	51,181800	12,041400
Bad Elster	50,288462	12,240636
Bad Friedrichsfeld-Jagstfeld	49,232171	9,199419
Bad Friedrichshall-Kochendorf	49,217765	9,211435
Bad Königswart	49,993395	12,614021
Bad Kösen	51,130354	11,717949
Bad Köstritz	50,931658	12,028399
Bad Krozingen	47,920024	7,696953
Bad Neustadt (Saale)	50,327902	10,225654
Bad Reichenhall	47,731299	12,881813
Bad Reichenhall-Kirchberg	47,718655	12,873917
Bad Schallerbach-Wallern	48,228990	13,920536
Bad Schandau	50,918727	14,139404
Bad Sulza	51,094521	11,634264
Baden-Baden	48,767232	8,232574
Baden-Oos	48,790185	8,189621
Baiersdorf	49,657211	11,037698
Balgheim	48,065462	8,760567
Bamberg	49,900937	10,899725
Baruth (Brandenburg)	52,032700	13,304300
Basel DRB	47,568187	7,607346
Basel SBB	47,325100	7,351500
Batzhausen	49,191913	11,591263
Baumbach	51,028872	9,682131
Bäumenheim	48,681894	10,809517
Bayer, Gmain	47,720445	12,894773
Bebra	50,969157	9,797745
Beckstetten	47,978087	10,679569
Beelitz Stadt	52,242649	12,967472
Beiseförth	51,096043	9,537485
Bellingen	47,730722	7,557478
Bendorf (Rhein)	50,415355	7,573228
Beneschau	49,780156	14,682713
Bensheim	49,681736	8,615770
Beratshausen	49,093092	11,807556
Beraun	49,957515	14,075203
Berchtesgaden Hbf	47,626717	12,999122
Berg Maria Plain	47,831942	13,063087
Bergrheinfeld	49,995188	10,156131
Bergtheim	49,899389	10,076609
Bergwitz	51,803626	12,576213
Beringen Reichsb	47,695292	8,574572
Berlin Anhalter Bf	52,503696	13,382623
Berlin Potsd, Ringbf	52,508281	13,376284
Berlin-Lichterfelde Ost	52,254300	13,193700
Bernburg	51,796514	11,752110
Besigheim	48,997508	9,136591
Betzigau	47,738862	10,378990
Beuel	50,737813	7,127810
Beuggen	47,581968	7,810421
Biberach (Baden)	48,338394	8,032894
Biblis	49,689899	8,451576
Bickenbach (Bergstr)	49,759756	8,603411
Biebesheim	49,782068	8,474278
Biederitz	52,153451	11,716661
Biehla	51,282000	13,310700
Biendorf	51,756897	11,855965
Biesenberg	47,629710	9,874563
Biessenhofen	47,830559	10,639057
Bietigheim (Württ)	48,947815	9,137449
Bietingen	47,744172	8,738637
Bischleben	50,933984	10,988216
Bischofswiesen	47,652669	12,960863
Bistric b B	49,741344	14,666061
Bitterfeld	51,372100	12,185600
Blaichach (Allgäu)	47,543627	10,258741
Blankenfelde	52,337384	13,415852
Blankenloch	49,066331	8,464880
Blansko	49,352050	16,647935
Blindenmarkt	48,125309	14,979687
Blönsdorf	51,572600	12,542500
Blumau (Wild)	48,752114	15,447464
Bobenheim	49,587902	8,350382
Bobingen	48,266512	10,838184
Böblingen	48,687957	9,004240
Bobstadt	49,663295	8,451619
Bodenbach	50,773840	14,201202
Bodenheim	49,930174	8,311758
Bodolz	47,572588	9,663634
Böhla	51,140000	13,325200
Böhlen (b Leipzig)	51,204195	12,381592
Böhm, Brod	50,076532	14,864845
Böhm, Trübau	49,897399	16,446190
Böhringen-Rickelshausen	47,748904	8,926220
Bondorf (b Herrenberg)	48,523597	8,827558
Börnicke	52,690145	12,929964
Bornim Grube	52,431708	12,974210
Bornitz (b Zeitz)	51,091987	12,171221
Bösdorf (Elster)	51,247304	12,272844
Boxberg-Wölchingen	49,485747	9,640503
Brandeis a d Adler	50,000457	16,283798
Branowitz	48,963878	16,604805
Braubach	50,274010	7,643352
Bredow (Kr Osthavelland)	52,582504	13,001118
Bregenz	47,503330	9,740860
Bregenz Hafen	47,506186	9,748499
Bregenz-Lochau	47,529112	9,743028
Brehna	51,554661	12,221947
Breitengüßbach	49,966985	10,886979
Breitenschützing	48,080373	13,801231
Brenitz-Sonnewalde	51,421100	13,354700
Brennet (Rheintal)	47,581737	7,910328
Breternitz	50,617831	11,407328
Bruchhausen (b Ettlingen)	48,923514	8,373556
Bruchsal	49,124725	8,589420
Bruchsal-Sprendl	50,022355	8,661261
Bruck a Hammer	49,827907	12,741137
Bruckberg	48,515922	11,997585
Brünn	49,191296	16,613302
Brüx	50,510916	13,658409
Bubenreuth	49,629810	11,012764
Bubentsch	50,107479	14,404449
Büchelberg	49,269989	10,398045
Büchenbach	49,267917	11,073704
Buchholz (Zauche)	52,167878	12,922969
Buchloe	48,033101	10,715790
Buckower Chaussee	52,410587	13,382721
Buggingen	47,854926	7,627945
Bühl (Baden)	48,696229	8,128595
Bülzig	51,534200	12,451000
Burgau (Schwab)	48,424929	10,426798
Burghaun (Kr Hünfeld)	50,700644	9,727707
Burgkemnitz	51,688840	12,407341
Burgthann	49,342684	11,307850
Burgweinting	48,990581	12,146072
Burlafingen	48,398437	10,025196
Bürstadt	49,645902	8,458400
Butterheim	49,799661	11,013536
Camburg (Saale)	51,050837	11,704388
Caputh-Geltow	52,350231	12,984295
Cercany	49,851543	14,702024
Chemnitz Hbf	50,839281	12,931080
Chemnitz Kinderwaldstätte	50,884436	12,953782
Chlum b Wittingau	48,950803	14,866734
Chodau	50,231889	12,753325
Chotowin	49,472586	14,668293
Chotzen	49,994057	16,223202
Chrast b P	49,792125	13,489666
Citow	50,366051	14,417667
Clarsbach	49,386060	10,848742
Coswig (Anh)	51,888147	12,457466
Coswig (Bz Dresden)	51,072200	13,344400
Crailsheim	49,137867	10,064249
Crimmitschau	50,815155	12,392578
Dabendorf	52,236946	13,436966
Dachau Bahnhof	48,254856	11,444149
Dahlewitz	52,326737	13,419542
Dallwitz	50,254998	12,886448
Darmstadt Hbf	49,872623	8,629160
Darmstadt Süd	49,855195	8,636112
Darmstadt-Arheiligen	49,913375	8,645210
Darmstadt-Eberstadt	49,814118	8,625727
Daschitz-Kostenitz	50,012869	15,897474
Deining (Oberpf)	49,204925	11,513672
Delitzsch Berl Bf	51,312800	12,204400
Denzlingen	48,068788	7,881489
Dessau Hbf	51,839874	12,234972
Dessau-Alten	51,825699	12,194138
Dessau-Roßlau	51,884650	12,237310
Dessau-Süd	51,802193	12,236495
Dettingen (Hohenzollern)	48,414476	8,637314
Deuerling	49,041469	11,914501
Deutsch Kralup	50,441709	13,331566
Deutzen	51,114084	12,418842
Diedorf (Schwaben)	48,355108	10,775013
Dietzhausen	50,599529	10,596528
Dinkelscherben	48,342673	10,587044
Döbeln Hbf	51,126852	13,094759
Döbeln Nord	51,134272	13,100821
Doberlug-Kirchhain	51,371400	13,334900
Dobrin	50,437172	14,295959
Dogern	47,608941	8,167133
Dollnstein	48,871603	11,079369
Dombühl	49,252260	10,298352
Donaueschingen	47,949006	8,498268
Donauwörth	48,713732	10,771065
Dornburg (Saale)	51,008408	11,674862
Dornheim	49,877574	8,493547
Dörrberg	50,733848	10,796900
Drahnsdorf	51,545000	13,345000
Dresden Hbf	51,022400	13,440100
Dresden Wettinerstraße	51,032100	13,432500
Dresden-Neustadt	51,035600	13,442600
Duttenberg-Obergriesheim	49,251896	9,212723
Dux	50,617232	13,754110
Ebelsberg (Reichsb)	48,250969	14,353380
Ebenhausen (Mainfr)	50,131253	10,137892
Ebensfeld	50,068269	10,954485
Ebing	50,001671	10,913758
Eching	48,302494	11,615639
Echsenbach	48,731172	15,226364
Eckartshausen-Ilshofen	49,152071	9,936361
Eddersheim	50,039392	8,456211
Ederbauer	47,983717	13,322296
Efringen-Kirchen	47,655791	7,563486
Egelsbach	49,968889	8,653278
Eger	50,073723	12,380047
Eggenburg	48,637900	15,815334
Egglkofen	48,395872	12,445707
Eggmühl	48,766995	12,194481
Eggolsheim	49,775084	11,036539
Ehningen (b Böblingen)	48,662680	8,943987
Ehrenbreitstein	50,361725	7,610092
Eichenau	48,179193	11,328106
Eichicht (Saale)	50,609933	11,434107
Eichstätt Bahnhof	48,869909	11,163483
Eimeldingen	47,627252	7,596273
Eisenach	50,977156	10,331783
Eisenach West	50,979169	10,309575
Elbetelnitz-Zabor	50,031673	15,478535
Ellingen (Bay)	49,066331	10,959549
Ellrichshausen	49,175812	10,140274
Elsholz	52,203425	12,954683
Elsnigk (Anh)	51,790568	12,058010
Elsterwerda	51,273500	13,305900
Elsterwerda-Biehla	51,471974	13,518505
Eltensheim	48,816246	11,318150
Eltersdorf	49,553475	10,996585
Eltville	50,027621	8,121600
Emmendingen	48,119064	7,847757
Engen	47,856366	8,771725
Engers	50,426183	7,546449
Enns	48,221242	14,465218
Ennsdorf	48,212892	14,500408
Epfendorf	48,250598	8,599248
Epfenhausen	48,094477	10,907707
Erbach (Rheingau)	50,023485	8,095036
Erdweis	48,811838	14,922352
Erfurt	50,582000	11,021700
Ergenzingen	48,490160	8,810306
Ergolding	48,572973	12,171993
Ergoldsbach	48,694246	12,201777
Erlangen	49,595914	11,001906
Erlangen-Bruck	49,570622	10,997400
Erlau (Sachs)	51,008976	12,942967
Erpel	50,582692	7,242136
Erzhausen	49,950999	8,650618
Erzingen (Baden)	47,659491	8,429904
Eßleben	49,943211	10,084848
Esterhofen	48,361097	11,445007
Etterzhausen	49,030778	11,977844
Ettlingen Reichsb	48,946575	8,387632
Eubigheim	49,501970	9,538193
Eugendorf	47,874677	13,118019
Eutingen (Württ)	48,480062	8,782840
Eythra	51,229355	12,264433
Fahr-Irlich	50,445426	7,417402
Falkenau (Eger)	50,185802	12,644663
Falkenberg (Elster)	51,351000	13,144700
Feilitzsch	50,364682	11,934586
Fellbach	48,820259	9,268856
Ferch-Lienewitz	52,303650	12,963696
Feucht	49,383602	11,203823
Fichtenberg	48,987089	9,700584
Fischbach (b Nürnberg)	49,413095	11,173954
Fischen	47,456648	10,271702
Fischingen	48,391256	8,668342
Flatow (Kr Osthavelland)	52,722687	12,961850
Fleißen	50,210142	12,345285
Flieden	50,421425	9,576602
Flörsheim	50,016895	8,430634
Forchheim (Oberfr)	49,717154	11,069713
Fornsbach	48,975598	9,638700
Forst Zinna	52,032300	13,060900
Förtschendorf	50,392898	11,349950
Frankenmarkt	47,979581	13,417225
Frankenthal Hbf	49,535681	8,349609
Frankfurt (M) Sportfeld	50,068214	8,633258
Frankfurt (Main) Hbf	50,106653	8,661304
Frankfurt (Main) Süd	50,098945	8,685722
Frankfurt-Hoechst	50,102964	8,543158
Frankfurt-Hoechst West	50,098615	8,528309
Frankfurt-Louisa	50,084573	8,670316
Frankfurt-Niederrad	50,081255	8,637078
Frankfurt-Oberrad	50,104540	8,723949
Franzensbad	50,124375	12,355156
Frauenhain	51,225900	13,301400
Freiburg (Breisgau) Hbf	47,997848	7,840462
Freiburg-Herdern	48,008128	7,850590
Freiburg-St Georgen	47,975559	7,802696
Freiburg-Zähringen	48,024778	7,863121
Freihalden	48,388064	10,496407
Freilassing	47,837242	12,977085
Freising	48,395132	11,744900
Fridolfing	47,984062	12,799244
Friedlos	50,896835	9,743500
Friedrichsthal (Baden)	49,110737	8,477411
Friedrich-Wilhelmshütte	50,802626	7,159653
Friesenheim (Baden)	48,381423	7,863035
Friesing	48,210718	15,556984
Frohnsdorf	52,056159	12,904172
Fröttstädt	50,930738	10,572624
Fulda	50,554725	9,683847
Fünfstetten	48,836362	10,782309
Fürstenfeldbruck	48,171924	11,262360
Fürth (Bay) Hbf	49,469797	10,989847
Fürth-Unterfarrnbach	49,483238	10,967274
Gabelbach	48,378088	10,562325
Gablingen	48,463588	10,850716
Gaildorf Reichsb	49,004152	9,752684
Gaimersheim	48,800306	11,369133
Garching	48,130695	12,572823
Gärtringen	48,641870	8,908968
Gaschwitz	51,250205	12,379017
Gastag	47,906332	12,938290
Gaubüttelbrunn	49,635453	9,853878
Gaugshausen	49,143706	9,923916
Gehlberg	50,683843	10,768147
Gehren (Kr Luckau)	51,474800	13,373200
Geinhausen	50,196353	9,189205
Geisenhausen	48,473832	12,248125
Geisenheim	49,985504	7,967577
Geisingen	47,921289	8,654308
Geltendorf	48,105712	11,037483
Gengenbach	48,404876	8,009977
Georgensmünd	49,184957	11,017570
Gera Hbf	50,883597	12,076721
Gera Süd	50,870328	12,077579
Gera-Zwötzen	50,850879	12,082472
Gerlachsheim	49,580890	9,710712
Germendorf	52,752633	13,172693
Gernsheim	49,753989	8,489771
Geroldshausen	49,686789	9,903746
Gersthofen	48,422708	10,861187
Gerstungen	50,964414	10,064507
Gessertshausen	48,333658	10,732613
Giersleben	51,764759	11,565857
Girching	48,664777	13,070126
Glaubendorf-Wetzdorf	48,505687	15,941334
Glaubitz (b Riesa)	51,190200	13,215700
Gmünd (Waldv) Hbf	48,762186	14,968486
Gmünd (Waldv) Stadt	48,764789	14,984751
Gmundbrücke	47,626500	12,987385
Goddelau-Erfelden	49,833222	8,489342
Göggingen	48,338679	10,886078
Golm	52,409278	12,971678
Golßen (Niederlausitz)	51,581600	13,343100
Gommern	52,075391	11,838284
Göpfritz	48,729926	15,395622
Göschwitz	50,883868	11,592808
Gößnitz	50,893397	12,428627
Gotha	50,938960	10,712357
Gottmadingen	47,737419	8,775072
Götzdorf	48,490558	12,211647
Graben-Neudorf	49,162793	8,491316
Grafenberg	48,632455	15,841770
Gräfenhainichen	51,724370	12,459354
Gräfenroda	50,759156	10,834064
Grafrath	48,132299	11,152840
Grasset	50,189374	12,675047
Greifenstein-Altenberg	48,341532	16,230927
Gremberghoven	50,895563	7,056742
Grenzach	47,550579	7,660046
Grenzacher Horn	47,563902	7,635326
Greppin	51,646040	12,296233
Griebo	51,880412	12,522697
Griesbach (Innkr)	48,336540	13,595538
Grieskirchen-Gallspach	48,229533	13,844662
Grießen (Baden)	47,628409	8,395915
Grimmenthal	50,533126	10,449800
Gröditz (b Riesa)	51,434962	13,486919
Grönhart	48,992834	10,932255
Groschlattengrün	49,969386	12,166865
Groß Gerau-Dornberg	49,911413	8,494492
Groß Rohrheim	49,714713	8,477368
Groß Schierstedt	51,751477	11,521139
Groß Sirning	48,188178	15,458622
Groß Welkersdorf	48,470987	15,975151
Großaitingen	48,221928	10,802479
Großaltdorf	49,125567	9,902630
Großbeeren	52,210300	13,170500
Groß-Dalzig	51,208281	12,271042
Großdeuben	51,231505	12,382965
Großenhain Berl Bf	51,174600	13,311200
Großgründlach	49,535403	10,997057
Großheringen	51,106163	11,657438
Großkorbetha	51,160000	12,011700
Großlehna	51,181700	12,101000
Großsachsen-Heddesheim	49,510553	8,634567
Grube Ludwig	51,341000	12,170800
Grüna-Kloster Zinna	52,015200	13,044500
Gründlkofen	48,525814	12,032604
Grüningen	47,983143	8,469772
Grünsfeld	49,604870	9,746504
Gundelfingen	48,044120	7,873936
Gundelsdorf	50,280619	11,300855
Gundelsheim	48,910429	10,840931
Gunskirchen	48,133101	13,945084
Guntersblum	49,791183	8,350639
Guntershausen	51,230000	9,466953
Günzach	47,819725	10,440102
Günzburg	48,461255	10,278397
Güsten	51,794284	11,602421
Gutach	48,247597	8,216572
Gutenfürst	50,419046	11,960635
Güterglück	51,993416	11,986599
Gutmadingen	47,913121	8,615513
Guxhagen	51,204383	9,481630
Haag (Niederdonau)	48,117861	14,586067
Haarhausen	50,867836	10,905089
Hagelstadt	48,895703	12,214994
Haggen	47,515621	9,754057
Hähnlein-Alsbach	49,739347	8,606329
Haidhof	49,197971	12,107706
Haiding	48,209746	13,974609
Halle (S) Hbf	51,284000	11,591200
Hallstadt (b Bamberg)	49,929511	10,885434
Hallthurm	47,701675	12,933226
Hallwang-Elxhausen	47,857057	13,086605
Haltingen	47,612904	7,611380
Hammerau	47,795831	12,946143
Hanau Hbf	50,121404	8,928580
Harbatshofen	47,608275	10,007730
Hard-Fussach	47,479914	9,688911
Haslach	48,280794	8,087139
Haspelmoor	48,223300	11,098251
Hattenheim	50,014082	8,058257
Hattersheim (Main)	50,067993	8,488827
Hattingen (Baden)	47,918183	8,774900
Haueneberstein	48,812177	8,209791
Hausach	48,284963	8,181639
Haynsburg	51,028116	12,065306
Hegne	47,706065	9,099126
Heidelberg Hbf	49,404090	8,675272
Heidelberg-Kirchheim	49,380026	8,674908
Heidelberg-Wieblingen	49,412872	8,644009
Heidingsfeld West	49,763969	9,940996
Heilbronn Hbf	49,143482	9,207916
Heilbronn Sülmertor	49,151538	9,220362
Heilbronn-Böckingen	49,135901	9,196072
Heilsbronn	49,346096	10,791578
Heimenkirch	47,628554	9,903316
Heinebach	51,045657	9,664600
Heitersheim	47,880952	7,646227
Hemsbach	49,590016	8,649073
Heppenheim (Bergstr)	49,641734	8,632765
Herbertshofen	48,529566	10,847626
Herblingen	47,717269	8,664308
Herbolzheim (Breisgau)	48,223872	7,767334
Herbolzheim (Jagst)	49,281356	9,259586
Hergatz	47,646598	9,826841
Hergensweiler	47,612875	9,775257
Herlasgrün	50,570700	12,234950
Herleshausen	51,002576	10,173383
Herrenberg	48,593754	8,862448
Hersfeld	50,869570	9,716034
Herten (Baden)	47,550000	7,740383
Herzberg (Elster) Reichsb	51,411800	13,141500
Heustreu Bahnhof	50,352334	10,253463
Hintschingen	47,928421	8,696022
Hirschaid	49,819656	10,990705
Hirschbach (Waldviertel)	48,749285	15,127487
Hirschlanden	49,473311	9,502230
Hnewitz	50,453242	14,362049
Hochheim (M)	50,005036	8,350124
Hochstadt-Marktzeuln	50,153064	11,172323
Hockenheim	49,317457	8,537407
Hockeroda	50,597459	11,434364
Hof Hbf	50,307432	11,922998
Hof Hp	50,321464	11,904888
Hofen (b Spaichingen)	48,079140	8,730826
Hofheim (Ried)	49,660406	8,410206
Höflein (Donau)	48,350203	16,269979
Hof-Moschendorf	50,293849	11,932569
Hög	48,647428	11,534958
Höhenberg	48,458978	12,303915
Hoheneich	48,762186	15,028095
Hohenkrähen	47,782193	8,823824
Hohenleipisch	51,295100	13,342200
Hohenthurm	51,512321	12,097750
Holenbrunn	50,050746	12,034235
Holoubkau	49,837429	13,836250
Holzdorf (Elster)	51,464500	13,065200
Hönebach	50,935248	9,943228
Honnef (Rh)	50,640153	7,219219
Hönningen (Rh)	50,513536	7,310801
Hopfgarten (b Weimar)	50,984640	11,217728
Horb	48,441672	8,688941
Horchheim (Rhein)	50,332696	7,596359
Hornberg	48,211691	8,232794
Horowitz	49,843075	13,898735
Hörschel	51,008138	10,231619
Hörsching	48,230505	14,155712
Hostivar	50,055100	14,535170
Hötzelsdorf-Geras	48,743965	15,666847
Hrdlorecy	48,873409	14,879093
Hrdly	50,484927	14,174080
Hrobetz	50,460236	14,228325
Hubertendorf	48,133903	15,019160
Hügelheim	47,832172	7,613440
Hundsgrün	50,366461	12,211432
Hünfeld	50,673264	9,762554
Hütteldorf-Hacking	48,196303	16,265259
Igling	48,071312	10,812092
Ilberstedt	51,806386	11,647396
Immendingen	47,936184	8,729153
Immenstadt	47,559210	10,213938
Ingolstadt Hbf	48,744757	11,437454
Ingolstadt Nord	48,772709	11,432304
Inningen	48,311629	10,869083
Irrenlohe	49,376701	12,113843
Istein	47,661514	7,541599
Jacobsthal	51,225500	13,184300
Jena Paradies	50,924841	11,587315
Jena Saalbf	50,936093	11,592894
Jena-Zwätzen	50,955669	11,620703
Jeßnitz (Anh)	51,682561	12,277222
Jettingen	48,399349	10,445080
Jocketa	50,559265	12,172980
Joseflhütte	49,821262	12,779331
Jößnitz	50,538431	12,141309
Jüterbog	51,595100	13,031400
Jüterbog Altes Lager	52,017523	12,988951
Jütrichau	51,934846	12,125216
Kahla (Thür)	50,809298	11,588774
Kahlenbergerdorf	48,274853	16,355896
Kainreith-Walkenstein	48,710560	15,720406
Kamp (Rh)	50,228128	7,617731
Kanden-Brunnersdorf	50,411581	13,257494
Karbitz	50,679383	13,919592
Karlsbad ob Bf	50,235458	12,866707
Karlsruhe Hbf	48,993636	8,400657
Karlsruhe-Durlach	49,001957	8,462391
Karlsruhe-Hagsfeld	49,027063	8,453894
Kartitz	50,724557	14,185710
Kassel Hbf	51,318302	9,489462
Kassel-Oberzwehren	51,276709	9,454036
Kassel-Wilhelmshöhe	51,313608	9,445925
Katzwang	49,355209	11,042461
Kaub	50,083141	7,768707
Kaufbeuren	47,875483	10,629444
Kaufering	48,080946	10,854235
Kempten (Allgäu) Hbf	47,711754	10,317492
Kempten-Hegge	47,687926	10,315905
Kenzingen	48,194586	7,763901
Kersbach	49,684929	11,059113
Kerzell	50,483016	9,657841
Kestert	50,187231	7,648716
Ketwa	50,366927	13,153467
Kienberg	52,662823	12,909751
Kimpling	48,266484	13,668838
Kippenheim	48,298897	7,806730
Kirchanschöring	47,953490	12,831345
Kirchenlamitz Ost	50,165766	11,985848
Kirchhasel	50,723416	11,397114
Kirchheim (b Würzburg)	49,657405	9,857740
Kirchheim (Neckar)	49,037418	9,150496
Kirchweidach	48,092872	12,648354
Kirnach-Villingen	48,071082	8,419991
Kirrlach	49,253969	8,514576
Kissing	48,303065	10,959034
Kl Hermanitz-Sedletz	49,603312	14,583235
Kläham	48,668632	12,179289
Klardorf	49,273629	12,116375
Klasdorf	52,011900	13,323400
Klein Czernosek	50,538117	14,056599
Klein Meiseldorf-Maria Dreieichen	48,664777	15,748558
Klein Wittenberg	51,870609	12,607927
Kleinkems	47,685557	7,524519
Kleinmünchen	48,255713	14,331408
Klengen	48,007496	8,465652
Klieken	51,894609	12,371464
Klingenberg (Württ)	49,118939	9,159679
Klösterle (Eger)	50,385209	13,196125
Klosterneuburg-Kierling	48,316994	16,315727
Klosterneuburg-Weidling	48,297299	16,334352
Köfering	48,932424	12,208042
Kolin	50,025608	15,213318
Kollmarsreute	48,098088	7,886724
Köln Hbf	50,943814	6,957843
Köln-Deutz	50,940961	6,974859
Köln-Kalk	50,935823	6,996746
Komotau Hbf	50,456575	13,399630
Komotau Hp	50,469797	13,413792
Köndringen	48,137454	7,802696
Königsberg (Eger)	50,125589	12,519296
Königsborn	52,134015	11,756401
Königshofen (Baden)	49,545874	9,724703
Königstein (Sächs Schweiz)	50,956399	14,076319
Königswinter	50,678622	7,193470
Könitz (Thür)	50,659527	11,486979
Konradsgrün	50,026932	12,503729
Konstanz	47,658104	9,176846
Konstanz-Petershausen	47,674837	9,171395
Körbitz	50,445809	13,362379
Körle	51,171702	9,512959
Kornwestheim Pbf	48,862117	9,179935
Kostel	48,838509	16,852684
Köthen	51,751371	11,988487
Kötzschau	51,181600	12,072900
Kralup	50,238532	14,313126
Kremmen	52,753906	13,039656
Krenstetten-Biberach	48,070394	14,757385
Krimice	49,751882	13,303928
Krippen	50,912558	14,161205
Kritzendorf	48,343015	16,293068
Krölpa-Ranis	50,677588	11,543283
Kronach	50,239602	11,320210
Krondorf-Warta	50,340476	13,058023
Krossen (Elster)	50,966049	11,983681
Krumnußbaum	48,207287	15,162334
Kumpfmühl	48,268426	13,620729
Küps	50,195858	11,267767
Kurort Rathen (Sächs Schweiz)	50,956372	14,076061
Kuttenplan	49,903425	12,723198
Kuty	48,658881	17,045374
Laaber	49,069930	11,883087
Ladenburg	49,473702	8,602209
Lahr-Dinglingen	48,340420	7,834711
Lambach	48,094133	13,871269
Lamerdingen	48,093101	10,731926
Lampertheim	49,597805	8,478355
Lamplmühle	49,765466	12,173495
Landsberg (b Halle)	51,532802	12,166758
Landshut (Bay) Hbf	48,547865	12,135944
Landshut (Bay) Süd	48,523824	12,140408
Langen (Hess)	49,993671	8,656969
Langenbach (Oberbay)	48,438084	11,851845
Langenberg (Thür)	50,916996	12,047367
Langenbrücken	49,200663	8,641777
Langenisarhofen	48,735814	12,962666
Langenlebarn	48,327496	16,122093
Langenselbold	50,162055	9,057498
Langenwang (Schwab)	47,436680	10,276079
Langenweg	47,552013	9,691272
Langer Stein	47,512563	9,753413
Langweid (Lech)	48,490217	10,847626
Lankwitz	52,438694	13,341694
Lanzing	48,055824	12,724743
Laubenheim (Rhein)	49,961381	8,314075
Lauda	49,565362	9,709682
Laudenbach (Bergstr)	49,612323	8,644609
Lauenstein (Oberfr)	50,510575	11,373081
Laufen (Oberbay)	47,933482	12,922153
Laufenburg (Baden)	47,563670	8,057957
Laufenburg (Baden) Ost	47,567492	8,076153
Lauffen (Neckar)	49,076396	9,146032
Leeheim-Wolfskehlen	49,854780	8,493075
Lehndorf (Kr Altenburg)	50,940582	12,426910
Leimen	49,352721	8,670616
Leinau	47,916342	10,621719
Leipheim	48,450269	10,215740
Leipzig Alfred-Kindler-Str	51,344124	12,422619
Leipzig Hbf	51,204400	12,225700
Leipzig-Connewitz	51,300569	12,385712
Leipzig-Gohlis	51,214500	12,222800
Leipzig-Großzschocher	51,301857	12,314472
Leipzig-Knauthain	51,278025	12,308979
Leipzig-Leutzsch	51,212400	12,185200
Leipzig-Möckern	51,215000	12,210600
Leipzig-Plagwitz	51,328198	12,322884
Leipzig-Stötteritz	51,322245	12,408371
Leißling	51,185745	11,907978
Leonding (Reichsb)	48,274168	14,261713
Lettowitz	49,556175	16,570988
Leubsdorf (Rhein)	50,546926	7,286339
Leuna Werke	51,313232	12,003679
Leutershausen-Wiedersbach	49,295800	10,444007
Leutesdorf 	50,447831	7,392254
Libschitz	50,200309	14,363594
Lichtenfels	50,146684	11,059456
Lichtenrade	52,387230	13,396111
Lichterfelde Süd	52,244000	13,183400
Lichtowitz	50,558856	14,033275
Lieben	50,111421	14,473307
Limbach	49,338658	11,044521
Limbach (Vogtl)	50,586316	12,252374
Limberg-Malssau	48,596365	15,857735
Limmritz (Sachs)	51,117910	13,049762
Linda (Elster)	51,510700	13,050800
Lindau Hbf	47,544757	9,680200
Lindau-Aeschach	47,558689	9,684620
Lindau-Reutin	47,552288	9,706593
Lindau-Schönau	47,576352	9,672604
Lindau-Siebertsdorf	47,544960	9,725819
Lindenhau	50,029247	12,458067
Linz (Donau) Hbf	48,290446	14,292097
Linz (Rh)	50,569174	7,276382
Lispenhausen	50,990718	9,765794
Lobositz	50,509497	14,060097
Lobositz Stadt	50,521722	14,045506
Lochhausen	48,176188	11,408787
Lohhof	48,288105	11,581306
Loisnitz	49,244003	12,129378
Lomnitz	49,091293	14,729748
Loosdorf	48,199278	15,396309
Lorch (Rh)	50,040191	7,812953
Lorchhausen	50,053998	7,781153
Lübs (Bez Magdeburg)	52,020098	11,935573
Luckenwalde	52,052500	13,093700
Ludweishofen	48,761847	15,613289
Ludwigsburg	48,892035	9,185171
Ludwigsfelde	52,175400	13,160200
Ludwigshafen (Rh) Hbf	49,477968	8,433337
Ludwigshafen-Oggersheim	49,493218	8,381538
Ludwigsstadt	50,486538	11,382952
Lufthafen Rhein-Main	50,036525	8,605084
Luhe	49,580000	12,139077
Luhe-Wildenau	49,598668	12,126760
Lundenburg	48,754038	16,892166
Lustenau	47,450467	9,666553
Lützelsachsen	49,527214	8,649502
Magdeburg Hbf	52,075600	11,373700
Magdeburg-Neustadt	52,085700	11,383300
Mahlow	52,360925	13,407612
Maierhöfen	50,228650	12,831774
Mainz Hbf	50,001092	8,258693
Mainz Süd	49,993450	8,277383
Mainz-Kastel	50,006746	8,282919
Mainz-Weisenau	49,978936	8,310213
Maisach	48,214036	11,256180
Makranstädt	51,182400	12,132700
Malacky	48,432845	17,022457
Malsch	48,889044	8,322058
Malsfeld	51,096178	9,537249
Mangolding	48,948886	12,222290
Mannheim Fabrikstation	49,467692	8,488741
Mannheim Hbf	49,479655	8,469021
Mannheim Rbf	49,461095	8,511829
Mannheim-Friedr,feld Süd	49,438329	8,571739
Mannheim-Friedr.feld	49,448095	8,579721
Mannheim-Käfertal	49,501580	8,502216
Mannheim-Neckarau	49,455851	8,494663
Mannheim-Rheinau	49,424095	8,534746
Mannheim-Rheinau Hafen	49,433752	8,522987
Mannheim-Seckenheim	49,450997	8,537235
Mannheim-Waldhof	49,525988	8,482647
Marbach (Baden)	48,030920	8,469086
Marbach (Kr Fulda)	50,618539	9,733329
Marchtrenk	48,204770	14,105244
Maria Kulm	50,125589	12,519296
Maria Radschitz	50,525105	13,726044
Maria Thann	47,652958	9,868984
Marienbad	49,956742	12,694359
Marienbad Flugplatz	49,926279	12,712770
Mariendorf	52,447745	13,360748
Marienfelde	52,424093	13,374481
Marke	51,741247	12,256837
Markelfingen	47,739352	9,002609
Markersdorf a d Pielach	48,196875	15,497932
Markleeberg	51,279099	12,372494
Markleeberg-Großstädteln	51,262130	12,375412
Markt Lambach	48,095967	13,836765
Marktgölitz	50,549981	11,349049
Marktleuthen	50,129286	12,012863
Marktredwitz	50,004650	12,081699
Marlaschein	50,672639	13,878565
Marquardt	52,476664	12,967815
Martinlamitz	50,215017	11,950378
Marzling	48,408580	11,794853
Maubach	48,925827	9,419832
Mauerberg	48,166085	12,577629
Mauer-Oehling	48,096426	14,803391
Maulach	49,138597	9,994040
Mausheim	49,121186	11,766701
Mechterstedt-Settelstedt	50,946856	10,481129
Mecklar	50,922569	9,758005
Meerholz	50,189704	9,150496
Mehringen (Weilheim)	48,262513	10,988731
Meinsdorf	51,903136	12,255936
Meitingen	48,546387	10,847797
Melk	48,221585	15,348587
Mellrichstadt Bahnhof	50,424392	10,306613
Melsungen	51,126071	9,546046
Meltheuer	50,544799	12,038012
Menden (Rhld)	50,779892	7,149525
Merseburg	51,357097	11,989861
Mertingen Bahnhof	48,660582	10,824623
Mettenheim	49,739680	8,333731
Mezimosti-Veseli	49,193484	14,717045
Michelau (Oberfr)	50,154961	11,116147
Mies	49,741011	13,000774
Milikau	49,743341	12,940006
Miltitz (b Leipzig)	51,193100	12,151900
Mindelaltheim	48,455847	10,407572
Mingolsheim-Kronau	49,219559	8,646669
Mirskofen	48,599998	12,237568
Mittelgrund	50,837709	14,223003
Mittelrot	48,988385	9,740410
Mittelstetten	48,199507	10,784454
Mittweida	50,987585	12,959919
Möckmühl	49,321094	9,357948
Mödishofen	48,331833	10,651760
Mödritz	49,133992	16,605663
Möhren	48,934355	10,875585
Möhringen (Baden)	47,957830	8,769321
Moosburg	48,470304	11,930809
Moosham	48,923627	12,267437
Morawan	50,002885	15,945797
Morellstraße	48,355222	10,892258
Mosern	50,678241	14,127431
Mosigkau	51,815407	12,148991
Muggensturm	48,876796	8,274164
Mühldorf (Oberbay)	48,248283	12,519436
Mühldorf-Ehring	48,236565	12,559433
Mühlfeld	50,444224	10,351567
Mühlhausen	50,263065	14,302568
Mühlhausen (b Engen)	47,814192	8,804770
Mühlheim (Main)	50,119285	8,837385
Mühlstetten	49,152296	11,008129
Muldenstein	51,667924	12,353783
Müllheim (Baden)	47,809927	7,599530
München Hbf	48,082700	11,332800
München-Allach	48,190066	11,467667
München-Fasanerie	48,197118	11,524723
München-Feldmoching	48,214493	11,541395
München-Moosach	48,180223	11,505775
München-Pasing	48,149882	11,461272
Mündling	48,794765	10,761881
Münnerstadt	50,249949	10,188446
Murg (Baden)	47,553476	8,018646
Murrhardt	48,983540	9,577761
Nabburg	49,446533	12,180018
Nackenheim	49,919122	8,341885
Nannhofen	48,216667	11,174297
Nauen	52,612430	12,884560
Naumburg (S) Hbf	51,094500	11,474400
Nebanitz	50,117496	12,478452
Nebringen	48,559909	8,849874
Neckarhausen (b Horb)	48,398522	8,646197
Neckarsulm	49,189221	9,219933
Nellmersbach	48,902756	9,415112
Nersingen	48,429998	10,118151
Nestersitz	50,669837	14,140735
Nestomitz	50,672720	14,106874
Netzschkau	50,611445	12,244091
Neu Aigen-Stetteldorf	48,380141	16,026821
Neu Ulm	48,393536	10,005541
Neuburxdorf	51,280400	13,173700
Neucoswig	51,075500	13,352800
Neudau	50,280345	12,937603
Neudenau	49,288523	9,271002
Neudietendorf	50,914507	10,910969
Neudingen	47,913811	8,570538
Neufahrn (b Freising)	48,321332	11,660271
Neufahrn (Niederbay)	48,729870	12,190704
Neufra (b Rottweil)	48,126484	8,671474
Neuhaus	48,111443	8,695335
Neuhausen Reichsb	47,682465	8,612595
Neuhof (b Mies)	49,761974	13,061543
Neuhof (Kr Fulda)	50,454881	9,620247
Neuhof (Kr Teltow)	52,082500	13,284500
Neu-Isenburg	50,053006	8,665552
Neukieritzsch	51,151463	12,412319
Neukirchen (Kr Hünfeld)	50,770774	9,692602
Neukirchen b Lambach	48,091840	13,820801
Neukirchen-Gampern	48,017143	13,565025
Neulußheim	49,292329	8,529940
Neumark (Sachs)	50,662955	12,355542
Neumarkt (Oberpf)	49,273181	11,456509
Neumarkt a d Y - Karlsbach	48,143411	15,055561
Neumarkt-Kallham	48,271140	13,722439
Neumarkt-Köstendorf	47,951075	13,216553
Neumarkt-St Veit	48,361382	12,503128
Neunhofen	50,724449	11,714430
Neunkirch	47,689746	8,494878
Neuoffingen	48,485382	10,349379
Neusattl	50,214207	12,745857
Neuses (b Kronach)	50,217008	11,306605
Neustadt (Orla)	50,734717	11,757517
Neustadt (Waldnaab)	49,716156	12,164569
Neustadt (Württ)	48,859689	9,325590
Neuwied	50,431268	7,473278
Neuwiederitzsch	51,240200	12,231500
Niederau	51,103400	13,333800
Niederdollendorf	50,695044	7,180853
Niedergörsdorf	51,582000	12,582700
Niedergrund (Elbe)	50,846164	14,214764
Niederlahnstein	50,316860	7,599449
Niederlauer	50,274256	10,184712
Niedermittlau	50,178630	9,109211
Niederpöllnitz	50,767245	11,958532
Niederrodenbach	50,147289	9,012523
Niederschopfheim	48,415915	7,886531
Niedertrebra	51,064378	11,579247
Niederwalluf	50,037021	8,159000
Niederwasser	48,189780	8,230820
Nierstein	49,871849	8,342829
Nordendorf	48,593186	10,836811
Nordheim (Württ)	49,109557	9,148607
Nörfelden	49,979074	8,565259
Norsingen	47,939289	7,725878
Nufringen	48,620371	8,889313
Nürnberg Hbf	49,445110	11,082716
Nürnberg-Doos	49,460649	11,017485
Nürnberg-Dutzendteich	49,437101	11,117306
Nürnberg-Eibach	49,409968	11,047440
Nürnberg-Neusündersbühl	49,449797	11,044135
Nürnberg-Reichelsdorf	49,381926	11,038857
Nürnberg-Rothenburgerstr.	49,445612	11,055422
Nürnberg-Sandreuth	49,431073	11,054306
Nürnberg-Schweinau	49,434478	11,044950
Nürnberg-Stein	49,425490	11,018171
Nußbach	48,133731	8,258457
Ober Gerspitz	49,167956	16,606264
Ober Pocap	50,422409	14,386082
Oberasbach	49,416781	10,985384
Oberdorf (b Immenstadt)	47,629248	10,273848
Obereichstätt	48,887746	11,132069
Oberferrieden	49,331163	11,333427
Oberhaun	50,825159	9,726291
Oberhof (Thür)	50,684169	10,709438
Oberhofen-Zell a Moos	47,958893	13,301697
Oberkassel (Siegkreis)	50,715645	7,158194
Oberkotzau	50,266713	11,932011
Oberlahnstein	50,299840	7,604213
Oberlangenstadt	50,189415	11,256094
Oberlauchringen	47,629450	8,320470
Oberlichtenau	50,907904	12,959018
Oberndorf (Neckar)	48,296299	8,575773
Oberreitnau	47,593662	9,684277
Oberstaufen	47,554403	10,025067
Oberstdorf	47,411013	10,277710
Oberstimm	48,710674	11,450500
Oberstreu	50,405099	10,286658
Obersuhl	50,950560	10,026923
Obertrattnach	48,246454	13,766556
Obertraubling	48,967146	12,170105
Obervogelgesang (Sächs Schweiz)	50,949884	13,989630
Oberwerrn	50,070858	10,152569
Ochenbruck	49,362924	11,252747
Oehna	51,555600	13,035500
Oelsnitz (Vogtl)	50,413057	12,160299
Oestrich-Winkel	50,003022	8,018517
Offenbach (M) Hbf	50,099248	8,760631
Offenburg	48,476506	7,946463
Offingen	48,482196	10,375214
Oftering	48,217124	14,128418
Oftersheim	49,373655	8,579035
Ohlsbach	48,424815	7,985516
Olbramovice	49,666906	14,624004
Olching	48,210375	11,333942
Oleschko	50,477390	14,193821
Önsbach	48,608824	8,026972
Opfenbach	47,636131	9,848900
Oppenheim	49,857575	8,358021
Oppurg	50,705917	11,649971
Oranienburg	52,754373	13,249512
Orlamünde	50,775333	11,543283
Orschweier	48,273711	7,789736
Ortenberg (Baden)	48,446340	7,965775
Oschelin	49,785919	12,845592
Oßmannstedt	51,018830	11,424408
Osterburken	49,429901	9,422665
Osterhofen (Niederbay)	48,695606	13,018970
Osternienburg	51,783560	12,029686
Osterspai	50,245037	7,614985
Osthofen	49,705444	8,325920
Ostrau	51,200000	13,165827
Ottendorf (b Mittweida)	50,936364	12,952666
Ottendorf (Kocher)	49,029483	9,753799
Ottersweier	48,673251	8,106730
Otting-Weilheim	48,880409	10,818336
Paindorf	48,443038	11,487665
Papestraße	52,475723	13,365469
Pappenheim	48,927011	10,962982
Pardubitz	50,032004	15,756626
Parsberg	49,164084	11,722927
Paschling	48,256798	14,207726
Passau Hbf	48,573881	13,450356
Pausram	48,941445	16,630383
Pecek	50,089750	15,026894
Pegau	51,166051	12,241087
Petershausen (Oberbay)	48,413707	11,470242
Peterzell-Königsfeld	48,130065	8,373985
Pfaffenhofen (Ilm)	48,523142	11,512041
Pfohren	47,933942	8,545990
Pforzen	47,933482	10,629272
Pfreimd	49,485859	12,167401
Piding	47,759522	12,911339
Piesteritz	51,874053	12,575226
Piewana	49,789022	13,090553
Pilsen	49,743341	13,387957
Pilsen Reichsvorstadt	49,740346	13,366928
Pirk	50,427003	12,078309
Pirna	50,962806	13,928990
Plan (b Marienbad)	49,861005	12,730150
Plana a d Luschnitz	49,353868	14,706230
Plattling	48,780175	12,863960
Plaue (Thür)	50,778861	10,909424
Plauen (Vogtl) ob Bf	50,505894	12,129464
Plauen (Vogtl) West	50,493856	12,112834
Pleinfeld	49,106467	10,977058
Pleinting	48,658655	13,118877
Plohling	48,236965	14,397411
Pöchlarn	48,207973	15,217609
Pölling	49,288635	11,412735
Pömmerle	50,670979	14,157386
Pöndorf	47,991415	13,349590
Ponholz	49,172852	12,095304
Ponitz	50,858735	12,416430
Poppenhausen	50,099992	10,138407
Poppitz	48,923853	16,668148
Porican	50,111112	14,922695
Porstendorf	50,977075	11,645594
Porz-Urbach	50,883055	7,064466
Pößneck ob Bf	50,690259	11,588001
Postbauer	49,309232	11,358318
Prag Mas Bf	50,087988	14,433117
Prag Wils Bf	50,083045	14,435885
Praskowitz (Elbe)	50,572717	14,036365
Pratau	51,843069	12,635350
Prelauc	50,039502	15,573978
Preschen	50,601599	13,771362
Preßburg	48,093100	17,062400
Pressig-Rothenkirchen	50,349130	11,310854
Priesterweg	52,459304	13,356028
Priestewitz	51,150400	13,302800
Prinzersdorf	48,200994	15,514755
Priort	52,516952	12,971420
Probstzella	50,528106	11,383295
Prödel	52,037340	11,913643
Profen	51,130623	12,210617
Prösen	51,434962	13,486919
Prösen-Wainsdorf	51,254700	13,301000
Puchberg (b Wels)	48,186232	14,001389
Puchheim	48,172210	11,352825
Pulling (b Freising)	48,362865	11,704559
Pürbach-Schrems	48,763205	15,087833
Pürstein	50,367584	13,113041
Pyret	48,544342	13,444691
Rackwitz (b Leipzig)	51,262400	12,223000
Radebeul	51,055500	13,404300
Radebeul-Kötzschenbroda	51,062800	13,373900
Radis	51,754718	12,504244
Radiumbad Brambach	50,217392	12,312241
Radldorf	48,874538	12,442532
Radolfzell	47,735167	8,968620
Raguhn	51,710890	12,269583
Raigern	49,085335	16,605148
Raitersaich	49,375667	10,844364
Raitz	49,408879	16,627293
Rangsdorf	52,294150	13,430443
Rangstock	50,687649	14,187341
Rastatt	48,860819	8,215714
Ratholz	47,566450	10,138021
Raudnitz	50,426675	14,263344
Raun	50,260129	12,293240
Ravelsbach	48,555819	15,885887
Redl-Zipf	48,026328	13,511124
Rednitzhembach	49,303524	11,064091
Redwitz (Rodach)	50,168817	11,207256
Regendorf	49,098599	12,119851
Regensburg Hbf	49,011697	12,099380
Regensburg Walhallastr	49,032888	12,133112
Regensburg Wutzlhofen	49,047503	12,131889
Regensburg-Prüfening	49,012203	12,048397
Regenstauf	49,122141	12,125216
Regis-Breitingen	51,082930	12,426052
Rehdorf	49,411574	10,953562
Rehlings	47,581852	9,715862
Reichelsdorfer Keller	49,368290	11,040058
Reichenau (Baden)	47,689226	9,126205
Reichenbach (Vogtl) ob Bf	50,374000	12,174200
Reichenberg (b Würzburg)	49,732302	9,913445
Reichenberg (Murr)	48,989455	9,469528
Reichertshausen (Ilm)	48,471100	11,510067
Reichertshofen (Oberbay)	48,668292	11,462517
Renchen	48,592278	8,006587
Rengershausen	51,255013	9,468756
Rentwertshausen	50,454881	10,431390
Reuden (Kr Zeitz)	51,108696	12,186756
Reuth (b Erbendorf)	49,840639	12,117941
Reuth b Plauen (Vogtl)	50,476653	11,957502
Rheinbrohl	50,489405	7,333117
Rheinfelden (Baden)	47,557067	7,783470
Rheinweiler	47,709646	7,530956
Rhöndorf	50,659092	7,208748
Ricany	49,997478	14,663315
Riedau	48,305492	13,626866
Riedenburg	47,493777	9,720454
Riegel Reichsb	48,152115	7,770596
Riesa	51,309584	13,287106
Rietheim (Württ)	48,038524	8,781896
Ringsheim	48,248397	7,772398
Ritschenhausen	50,514000	10,428987
Röderau	51,195200	13,190400
Rohr (Thür)	50,572336	10,519924
Rohrbach	49,033535	16,591501
Röhrenfurth	51,154478	9,548192
Röhrmoos	48,333887	11,444750
Roigheim	49,360800	9,341555
Roitzsch (Kr Bitterfeld)	51,571308	12,264175
Rokitzan	49,740457	13,591976
Ronshausen	50,945666	9,855337
Rosenburg (Baden)	49,458139	9,472618
Röslau	50,078336	11,987736
Roßtal	49,400697	10,898523
Roßtal Wegbrücke	49,394720	10,884962
Rostok	50,159745	14,397755
Rotenburg (Fulda)	50,997714	9,733629
Roth	49,241811	11,082630
Röthenbach (Allgäu)	47,620628	9,953270
Rothenstadt	49,629338	12,136631
Rothenstein (Saale)	50,850228	11,608257
Roth-Malsch	49,243436	8,652334
Rottendorf	49,791959	10,029144
Rottershausen	50,166288	10,166473
Rottweil	48,165227	8,639331
Rückersdorf-Oppelhain	51,341100	13,342900
Rückmarsdorf	51,202800	12,165100
Ruderatshofen	47,822376	10,589619
Rüdesheim (Rh)	49,976866	7,915306
Rudolstadt (Thür)	50,717711	11,337719
Ruppertsgrün	50,575293	12,177486
Saalfeld (Saale)	50,651120	11,374884
Sachsen (b  Ansbach)	49,292945	10,661116
Sachsenflur	49,526267	9,706335
Säckingen	47,555561	7,948608
Saitz	48,889552	16,782818
Salesel	50,596873	14,048638
Salmünster-Bad Soden	50,280674	9,372025
Salzburg Hbf	47,813500	13,046007
Sandau	50,011435	12,540293
Sandbach (Niederbay)	48,606582	13,269768
Sandtorf	49,563552	8,482132
Satzkorn	52,476664	12,967815
Säusenstein	48,192183	15,114269
Saxdorf	51,300600	13,164900
Schaffhausen Reichsb	47,698412	8,632808
Schalding	48,596819	13,367958
Schallstadt	47,956134	7,753773
Schanz	49,977059	12,664919
Schärding	48,462905	13,442802
Schichauweg	52,398753	13,389158
Schkopau	51,389030	11,991577
Schlachters	47,589841	9,747105
Schlackenwerth	50,301896	12,957258
Schlackenwerth Stadt	50,298935	12,940779
Schleißheim	48,274282	11,568947
Schleißweiler	48,992102	9,536133
Schliengen	47,761484	7,568808
Schlüchtern	50,341160	9,509954
Schlüßlberg	48,222900	13,872342
Schmilka-Hirschmühle	50,890798	14,227467
Schnelldorf	49,193961	10,177503
Schöba	50,050801	12,409830
Schöna-Herrnskretschen	50,875311	14,234676
Schönau	50,944152	10,431347
Schönberg (b Bad Brambach)	50,190535	12,326387
Schönberg (b Offenburg)	48,364119	8,030577
Schönberg (Vogtl)	50,528161	11,960764
Schönfeld	50,633240	13,987827
Schöngeising	48,147534	11,192579
Schönpriesen	50,666832	14,099236
Schutterwald Reichsb	48,456730	7,916722
Schwäb Hall-Hessental	49,096351	9,766159
Schwabach	49,326129	11,034565
Schwabhausen (b Landsberg)	48,102846	10,978861
Schwabmünchen	48,178449	10,766430
Schwaikheim	48,868385	9,354773
Schwandorf	49,326241	12,104101
Schwanenstadt	48,053988	13,765869
Schwarza (Saale)	50,689117	11,327934
Schwarzenau (Waldv)	48,746002	15,266018
Schwarzenfeld	49,392821	12,130108
Schweigern (Baden)	49,491713	9,663162
Schweikershain	51,036510	12,954082
Schweinfurt Hbf	50,035367	10,213165
Schweinsburg-Culten	50,786730	12,369232
Schweißing-Tschernoschin	49,763415	12,910309
Schwetzingen	49,383490	8,578348
Schwielowsee	52,340898	12,980003
Schwörstadt	47,590189	7,866898
Seebergen	50,928899	10,793552
Seehausen	51,270669	13,241444
Seekirchen-Mattsee	47,893327	13,120079
Seestadtl	50,515883	13,547430
Seestetten	48,606128	13,301353
Seifen (Schwaben)	47,596730	10,253763
Seligenstadt (b Wü)	49,854199	10,102015
Selz	50,131693	14,394321
Sennfeld	49,378685	9,380264
Settenz	50,642331	13,800631
Seubersdorf	49,168685	11,626968
Siegmundsherberg	48,684274	15,749245
Siglingen	49,297311	9,304991
Singen (Hohentwiel)	47,759060	8,840647
Sinzheim (b Bühl)	48,760376	8,158550
Skalitz-Boskowitz	49,480505	16,609526
Smichow	50,062263	14,408741
Sobleslau	49,255818	14,725456
Sollslau	49,762417	13,041458
Solnhofen	48,892374	10,994225
Solvayhall	51,773257	11,768246
Sommerau (Schwarzwald)	48,129234	8,302617
Sonthofen	47,513085	10,272388
Spaichingen	48,069018	8,740182
Spich	50,827030	7,114677
St Andrä-Wördern	48,333887	16,208954
St Ilgen (Sandhausen)	49,340923	8,668685
St Johann-Weistrach	48,077448	14,610443
St Margarethen	47,453166	9,638186
St Peter-Seitenstetten	48,053185	14,655418
St Pölten Hbf	48,208373	15,622644
St Valentin	48,176274	14,523411
St, Georgen (Schwarzwald)	48,123877	8,342142
St, Goarshausen	50,155841	7,714591
Stabnitz	50,049423	12,441502
Stadt Haag	48,126398	14,565725
Stadt Wehlen (Sachs)	50,953858	14,032116
Staffelstein	50,108800	10,995255
Stauchitz	51,242844	13,211746
Steina	51,103104	13,022017
Steinach (Baden)	48,298897	8,056412
Steinau (Kr Fulda)	50,591622	9,732707
Steinau (Kr Schlüchtern)	50,314339	9,443135
Steinbach (b Backnang)	48,958017	9,465752
Steinbach (Baden)	48,733550	8,146105
Steinbach a Wald	50,441463	11,382823
Steindorf	47,964411	13,234406
Steinheim (Main)	50,121514	8,906865
Steinrain	48,766995	12,194481
Stephansposching	48,809238	12,790661
Stockheim (Oberfr)	50,307295	11,282101
Stockstadt (Rhein)	49,809465	8,472519
Strancice	49,949397	14,676876
Straning	48,611008	15,856705
Straßkirchen	48,833312	12,720966
Straßwaichen	47,974640	13,254662
Straubing	48,876571	12,574711
Strullendorf	49,845289	10,961866
Stuttgart Hbf	48,784077	9,181480
Stuttgart Nord	48,803302	9,189034
Stuttgart West	48,769937	9,142942
Stuttgart Wildpark	48,757886	9,124918
Stuttgart-Bad Cannstadt	48,801550	9,217358
Stuttgart-Feuerbach	48,813731	9,168992
Stuttgart-Hesslach	48,761027	9,141097
Stuttgart-Zuffenhausen	48,829498	9,166675
Suchenthal	48,892825	14,878750
Südende	52,448268	13,353882
Sudomerice-Nemysl	49,508603	14,661255
Suhl	50,604922	10,682144
Suhl-Heinrichswerk	50,600455	10,646760
Sulz (Neckar)	48,367198	8,637486
Sulzbach (Murr)	48,999423	9,500256
Sulzdorf	49,100454	9,833364
Sülzenbrücken	50,885655	10,896463
Sünching	48,884021	12,356701
Surheim	47,869495	12,948761
Syrau	50,546217	12,084703
Tabor	49,413989	14,676704
Taimering	48,912459	12,310009
Talhausen	48,220127	8,599977
Talhausen-Herrenzimmern	48,223844	8,598776
Tamm (Württ)	48,921540	9,125519
Tannenbach	47,509172	9,752040
Tauberfeld	48,818733	11,274891
Taufkirchen (Pram)	48,406785	13,522496
Teltow	52,231700	13,175900
Teplitz-Schönau	50,646358	13,829470
Thalhofen	47,474229	10,277452
Thalkirchdorf	47,557762	10,088539
Thalmühle (Baden)	47,886536	8,812494
Thayngen	47,745470	8,703318
Theresienstadt	50,491590	14,149189
Thyrow	52,144800	13,153500
Tiefenbrunnen	52,034007	12,945070
Tiefental (Wagram)	48,437401	15,983562
Tiengen (Oberrhein)	47,635090	8,270302
Timelkam	48,005429	13,606052
Tirschnitz	50,114043	12,399552
Topkowitz-Kartitz	50,715836	14,191675
Tornau	51,898794	12,213235
Traun	50,734663	11,818457
Trebanz-Treben	51,046574	12,440472
Trebbin (Kr Teltow)	52,125900	13,134600
Treuchtlingen	48,961229	10,908093
Treuenbrietzen Landesanstalt	52,082684	12,879517
Treuenbrietzen Reichsb	52,092058	12,856708
Triberg	48,139974	8,236828
Triebschitz	50,523250	13,579531
Triptis	50,741289	11,871672
Troisdorf	50,814016	7,149696
Tschausch	50,526906	13,626223
Tülln	48,327039	16,065788
Tunsel	47,901240	7,671483
Türkenfeld	48,105081	11,076794
Türmitz	50,647120	13,986883
Turn-Probstau	50,661486	13,838310
Tuschkau-Kosulup	49,762528	13,244877
Tüßling	48,212663	12,588272
Tuttlingen	47,980529	8,798633
Tyrlaching	48,081749	12,695904
Ubstadt-Weiher	49,167170	8,622894
Uckro (Reichsb)	51,510400	13,363200
Udwitz	50,485801	13,447523
Uhersko	49,987490	16,014719
Uhlstädt	50,742321	11,460714
Uiffingen	49,503810	9,597759
Ullersdorf	50,639936	13,763466
Ullitz-Pleschnitz	49,785587	13,129692
Ulm Hbf	48,399349	9,982324
Undorf	49,027401	11,938190
Unkel	50,598766	7,221193
Unsleben	50,382445	10,255136
Unter Berkowitz	50,388821	14,436378
Unter Kritzendorf	48,332688	16,301136
Unterasbach	49,416781	10,985384
Unterfahlheim	48,434041	10,160637
Untergriesheim	49,265172	9,222679
Untergrombach	49,087639	8,547707
Unterheckenhofen	49,213672	11,056194
Unterloquitz	50,581002	11,390419
Unterschüpf	49,514176	9,691658
Unterwellenborn	50,658711	11,433935
Unterwinden	48,137339	14,542379
Vach	49,516572	10,985770
Vaihingen (Filder)	48,725737	9,111013
Vaihingen-Rohr	48,719055	9,107494
Vallendar	50,399792	7,610135
Vellberg	49,100285	9,881172
Vieselbach	50,992852	11,137648
Villingen (Schwarzwald)	48,057775	8,465309
Vilsbiburg	48,447365	12,347345
Vilshofen (Niederbay)	48,629845	13,189945
Vitis	48,753925	15,178127
Vochov	49,759423	13,276806
Vöcklabrunn	48,010253	13,664246
Vöcklamarkt (Reichsb)	47,998882	13,490696
Voitersreuth	50,167938	12,326832
Wächtersb (Borb)	50,253955	9,295764
Waghäusel	49,248030	8,508053
Wahlitz	52,109352	11,788759
Wahn (Rhld)	50,858302	7,079058
Waiblingen	48,826192	9,299841
Waigolshausen	49,967123	10,115232
Walddrehna	51,462600	13,370300
Waldheim	51,074626	13,014250
Waldshut	47,623608	8,209276
Waldshut Fahrhaus	47,621207	8,220348
Walheim (Württ)	49,011246	9,152126
Walkersbach	48,570871	11,547918
Walldorf	49,319360	8,667440
Walldorf (Hess)	50,001340	8,580794
Wallersee	47,917723	13,158188
Wallwitzhafen	51,861837	12,234875
Walpertshofen	48,290560	11,455908
Waltenhofen	47,667526	10,306034
Wandersleben	50,905414	10,853634
Wanow	50,624256	14,058187
Wappoltenreith	48,749964	15,560589
Wartha	51,005546	10,199604
Wehringen	48,243082	10,818958
Weida	50,784830	12,061186
Weiden (Oberpf)	49,670516	12,153625
Weil (Rhein)	47,594646	7,608290
Weilheim (b Tuttlingen)	48,025639	8,776145
Weimar Reichsb	50,592900	11,193300
Weinböhla	51,100300	13,341300
Weingarten (Baden)	49,058795	8,520756
Weinheim (Bergstr)	49,553280	8,665295
Weischlitz	50,448979	12,059727
Weißenburg (Bay)	49,029877	10,964870
Weißenfels	51,204894	11,970806
Weißig (b Großenhain)	51,171600	13,251600
Wellm	50,067993	15,124569
Wels Hbf	48,166257	14,026800
Welschingen-Neuhausen	47,834131	8,768892
Weltrus	50,318833	14,346428
Weng	47,937047	13,175697
Werdau	50,725916	12,366314
Werdau Nord	50,743299	12,371635
Wernberg	49,539302	12,145643
Wernstein	48,504919	13,456192
Westendorf	48,571950	10,842991
Westerringen	48,134475	10,738449
Westheim (Schwab)	48,386126	10,818615
Wetterzeube	51,008408	12,012691
Wicklesgreuth	49,310407	10,710382
Wickwitz	50,307323	13,016567
Wien Fr Jos Bf	48,225645	16,361690
Wien Heiligenstadt	48,247883	16,364994
Wien Nußdorf	48,258856	16,368256
Wien Westbf	48,114900	16,201200
Wiesau (Oberpf)	49,910943	12,191133
Wiesbaden Hbf	50,070638	8,243523
Wiesbaden Ost	50,041293	8,256569
Wiesbaden-Biebrich	50,048762	8,236828
Wiesbaden-Schierstein	50,047577	8,194513
Wiesental	49,226006	8,502216
Wiesloch-Walldorf	49,290986	8,664007
Wiesmühl (b Tittmoning)	48,023917	12,745171
Wilchingen-Hallau	47,679547	8,463979
Wildenschwert	49,971650	16,377525
Wildenschwert Stadt	49,968668	16,395121
Wildpark	52,394197	13,014164
Wildpoldsrieth	47,766792	10,397701
Wilhelmsglück	49,062844	9,752083
Wilsdorf	50,747291	14,180732
Windischeschenbach	49,798068	12,162015
Windschläg	48,516185	7,965496
Winkl	47,665503	12,950134
Winnenden	48,879506	9,392366
Wirtheim	50,225767	9,258986
Wittenberg (Prov Sachs)	51,520400	12,394300
Wittenberg Elbtor	51,863984	12,641573
Wittighausen	49,618607	9,846497
Wittingau	49,015356	14,759960
Wittingau Stadt	49,007249	14,776955
Wixhausen	49,930837	8,648472
Wohmbrechts	47,655675	9,852505
Wolfen (Kr Bitterfeld)	51,661003	12,279196
Wolfgang (Kr Hanau)	50,123330	8,957033
Wolfsgefärth	50,816782	12,073803
Wolnzach Bahnhof	48,607490	11,572552
Woltersdorf (b Luckenwalde)	52,070000	13,114000
Wommen	51,012486	10,120811
Worms	49,634786	8,356218
Worms Brücke	49,650070	8,369694
Wotic Stadt	49,639455	14,620314
Wotsch	50,359371	13,081455
Wranan	50,335491	14,372005
Wrschowitz	50,064908	14,447536
Wülknitz	51,369101	13,389244
Wünsdorf (Kr Teltow)	52,095600	13,280500
Wurmlingen	48,015879	8,774214
Wurmlingen Ort	48,002385	8,777561
Würzburg Hbf	49,801835	9,935718
Würzburg Süd	49,788745	9,942799
Wurzmes	50,510261	13,489151
Wustermark	52,549636	12,975712
Wutha	50,957129	10,395985
Wyhlen	47,546408	7,690086
Ybbs-Kemmelbach	48,154520	15,091267
Yorckstraße	52,492554	13,371906
Zabeltitz	51,205800	13,305500
Zahna	51,551300	12,465300
Zalusch	50,457285	14,325314
Zapfendorf	50,018329	10,929809
Zbirow	49,832668	13,785610
Zditz	49,907460	13,979416
Zeiselmauer-Königstetten	48,326640	16,175222
Zeithain	51,329861	13,343582
Zeitz	51,056610	12,131481
Zell (Pram)	48,317251	13,624077
Zella-Mehlis	50,647937	10,674677
Zellendorf	51,533600	13,040200
Zerbst	51,953549	12,089639
Zeutsch	50,755355	11,507492
Zieditz	50,149730	12,601597
Ziersdorf	48,527064	15,923138
Zimmern	49,595135	9,790192
Zohor	48,323729	16,990013
Zossen	52,130800	13,261800
Zschaitz	51,169065	13,155870
Zschortau	51,285900	12,214100
Zumhaus	49,215523	10,237391
Züttlingen	49,291993	9,329367
Zwingenberg (Bergstr)	49,726033	8,608990
Zwittau	49,759312	16,479492
