Excel-Zeile	Id	Gattung	Hersteller	Artikelnummer
4	P1	Post4-a/15-38	Di	010118
5	P2	Hz4ü-44	HT	23901
6	P3	Hz3i-pr05	Fl	8382
7	P4	Cigd-pr91	Fl	8368
10	P6	Pw4ü-bay06	Tr	15859-06
14	P10	AB4ü-bay02	Tr	15859-05
15	P11	AB4ü-bay02	Tr	15859-01
21	P17	C4ü-bay08	Tr	15859-04
22	P18	C4ü-bay08	Tr	15701
23	P19	C4ü-bay08	Tr	11455.2
26	P21	Pw4ü-pr00	Ar	3353
28	P23	ABC4ü-wü12	Ar	3351
31	P26	BC4ü-wü09	Ar	3350
32	P27	BC4ü-wü09	Ar	3350
36	P31	C4ü-wü11	Ar	3352
37	P32	C4ü-wü11	Ar	3352
38	P33	C4ü-wü11	Ar	3352
43	P37	Pw4ü-pr04	Fl	8080
44	P38	Pw4ü-pr04	Fl	8080
45	P39	Pw4ü-pr07a	Fl	858860
54	P48	C4ü-pr08	Fl	8083
55	P49	C4ü-pr08	Fl	8083
56	P50	C4ü-pr08	Fl	8083
57	P51	C4ü-pr08	Fl	858863
58	P52	C4ü-pr08	Fl	858364
61	P55	WR4ü-pr11	Fl	8081
62	P56	WR4ü-pr11	Fl	8081
63	P57	WR4ü-pr11	Fl	858862
69	P63	AB6ü-pr06	Fl	8079
70	P64	ABC4ü-pr09	Fl	8082
71	P65	ABC4ü-pr09	Fl	858861
72	P66	ABC4ü-pr09	Fl	858861
73	P67	ABC4ü-pr09	Fl	858861
74	P68	WL4ü-pr01	Fl	858865
75	P69	WL4ü-pr01	Fl	8078
76	P70	WL4ü-pr01	Fl	8078
77	P71	WL4ü-pr01	Fl	8078
78	P72	WL6ü-pr01	Fl	807801
79	P73	WL6ü-pr01	Fl	807801
84	P75	Pw4-pr04	Fl	8084
87	P78	Post4-prb/17	Fl	881005
93	P84	B4-pr04	Fl	8085
94	P85	BC4-pr04	Fl	8873
95	P86	BC4-pr04	Fl	8873
96	P87	BC4-pr04	Fl	8873
97	P88	BC4-pr04	Fl	8873
98	P89	BC4-pr04	Fl	8873
104	P95	C4-pr04	Fl	8874
105	P96	C4-pr04	Fl	8086
106	P97	C4-pr04	Fl	8874
107	P98	C4-pr04	Fl	8874
108	P99	C4-pr04	Fl	8874
109	P100	C4-pr04	Fl	8874
110	P101	C4-pr04	Fl	8874
112	P102	BC4-pr04;Rot	Fl	7883
113	P103	C4-pr04;BrRot	Fl	7884
114	P104	C4-pr04;Rot	Fl	7885
115	P105	C4-pr04;Rot	Fl	7885
116	P106	C4-pr04;Rot	Fl	7885
118	P107	BC4-pr04;Lila	Fl	8873
119	P108	C4-pr04;BrLila	Fl	8874
120	P109	C4-pr04;BrLila	Fl	8874
121	P110	C4-pr04;Lila	Fl	8875
122	P111	C4-pr04;Lila	Fl	8875
124	P112	Pw4ü-23	Ro	02062S
125	P113	Post4ü-b/20	Ro	003875
126	P114	Post4ü-b/20	Ro	02062S
127	P115	A4ü-23	Ro	02062S
128	P116	AB4ü-23	Ro	02062S
129	P117	AB4ü-23	Ro	02062S
130	P118	C4ü-22	Ro	02062S
131	P119	C4ü-22	Ro	02062S
132	P120	WLC4ü-21	Ro	02062S
134	P121	SPw4ü-28	Tr	11468.1
135	P122	SA4ü-28	Tr	11468.2
136	P123	SA4ük-28	Tr	11468.3
137	P124	SB4ü-28	Tr	11468.4
138	P125	SA4ük-28	Tr	11468.5
140	P126	SPw4ü-28	Tr	15784
141	P127	SA4ü-28	Tr	15780
142	P128	SA4ük-28	Tr	15781
143	P129	SB4ü-28	Tr	15782
144	P130	SB4ük-28	Tr	15783
146	P131	Pw4ük-29	Li	364550
147	P132	C4ü-29	Li	364535
148	P133	C4ü-29	Li	364545
149	P134	C4ü-29	Li	364534
150	P135	B4ü-29	Li	364533
152	P136	F	HN	4001.1
153	P137	F	HN	4001.2
154	P138	Lx	HN	4001.3
155	P139	Lx	HN	4001.4
156	P140	Lx	HN	4001.5
158	P141	PwPost4ü-34	Tr	11432.1
159	P142	PwPost4ü-34	Tr	11455.1
160	P143	PwPost4ü-28	Fl	863602
161	P144	AB4ü-28	Tr	11432.2
162	P145	AB4ü-28	Tr	15710.3
163	P146	AB4ü-28	Tr	15710.3
164	P147	AB4ü-28	Tr	15710.3
165	P148	C4ü-28	Tr	15859.02
166	P149	C4ü-28	Tr	15710.1
167	P150	C4ü-28	Tr	15710.1
168	P151	C4ü-28	Tr	15710.1
169	P152	C4ü-28	Tr	15710.2
170	P153	C4ü-28	Tr	15710.2
171	P154	C4ü-28	Tr	15710.2
172	P155	C4ü-28	Tr	11455.3
173	P156	C4ü-28	Tr	11455.4
174	P157	WR4ü-29	Tr	15859.4
175	P158	WR4ü-29	Tr	15710.4
176	P159	WR4ü-29	Tr	15710.4
177	P160	WR4ü-29	Tr	15710.4
179	P161	SWRPwPost4ü-35	Ar	0166.1
180	P162	SBC4ü-35	Ar	0166.2
181	P163	SBC4ü-35	Ar	0166.3
182	P164	SBC4ü-35e	Ar	0166.4
184	P165	AB4ü-35	Fl	863102
185	P166	C4ü-35	Fl	863203
186	P167	C4ü-35	Fl	863204
187	P168	WR4ü-35	Fl	
189	P169	Pw4ü-37	Fl	878880
190	P170	Pw4ü-37	Fl	878880
191	P171	AB4ü-35	Fl	878881
192	P172	AB4ü-35	Fl	878881
193	P173	C4ü-35	Fl	878883
194	P174	C4ü-35	Fl	878883
195	P175	C4ü-35	Fl	878883
196	P176	C4ü-35	Fl	878883
197	P177	C4ü-35	Fl	878884
198	P178	C4ü-35	Fl	878884
200	P179	Pw4ü-37	Tr	15801.1
201	P180	Post4ü-39	Tr	15716
202	P181	AB4ü-38	Tr	13721.1
203	P182	AB4ü-38	Tr	15802.1
204	P183	BC4ü-39	Tr	15802.2
205	P184	ABC4ü-39	Tr	13721.2
206	P185	C4ü-38	Tr	15803
207	P186	C4ü-38	Tr	13721.3
208	P187	C4ü-38	Tr	15713.1
209	P188	C4ü-38	Tr	15713.1
210	P189	C4ü-38	Tr	15713.2
211	P190	WLAB4ü 	Tr	13721.4
212	P191	WR4ü-39	Tr	13721.5
213	P192	WR4ü-39	Tr	15801.2
215	P193	B4i-30	Fl	867503
217	P194	Pw4i-33	Ro	02061.1
218	P195	BC4i-37	Ro	02061.2
219	P196	BC4i-37	Ro	02061.3
220	P197	C4i-36	Ro	02061.4
221	P198	C4i-36	Ro	02061.5
222	P199	C4i-36	Ro	02061.6
224	P200	AB3ü-bay94	Tr	15681.1
225	P201	C3ü-bay99	Tr	15681.2
226	P202	C3ü-bay99	Tr	15681.3
227	P203	C3ü-bay99	Tr	15681.4
228	P204	Pw3ü-bay95	Tr	15681.5
230	P205	Post-b/8,5	Di	010136
231	P206	Pwi-bay07	Fl	8090
234	P209	BCi-bay10	Fl	809301
235	P210	BCi-bay10	Fl	8091
237	P212	Ci-bay10	Fl	8092
239	P213	Ci-wü05	Br	1850.1
240	P214	Ci-wü05	Br	1850.1
241	P215	Di-wü08	Br	1850.2
242	P216	Di-wü08	Br	1850.2
243	P217	Di-wü98a	Br	1850.3
244	P218	Di-wü98a	Br	1850.3
245	P219	DPPi-wü98	Br	1873
246	P220	C4i-wü98	Br	1870
247	P221	C4i-wü98	Br	1871
250	P223	PwPosti-pr84	Fl	8057
251	P224	BCi-pr86	Fl	8058
254	P227	Ci-pr86	Fl	8059
259	P231	CPwi-pr05b	Fl	8765
265	P237	CCitr-pr05	Fl	8766
266	P238	CCitr-pr05	Fl	8766
276	P247	PwPosti-pr07	Fl	8870
277	P248	PwPosti-pr07	Fl	8870
278	P249	PwPosti-pr07	Fl	8870
279	P250	PwPosti-pr07	Fl	8870
280	P251	PwPosti-pr07	Fl	8870
281	P252	CD3itr-pr07	Fl	8871
282	P253	CD3itr-pr07	Fl	8871
283	P254	CD3itr-pr07	Fl	8871
284	P255	CD3itr-pr07	Fl	8871
285	P256	CD3itr-pr07	Fl	8871
286	P257	D3itr-pr08	Fl	8875
290	P260	Pw3-pr11	Fl	806804
302	P272	C3-pr11	Fl	807005
303	P273	C3-pr11	Fl	807006
304	P274	C3-pr11	Fl	807006
305	P275	C-pr21	Fl	807104
306	P276	C-pr21	Fl	807104
307	P277	C-pr21	Fl	807104
309	P278	Pwi-23	Tr	13745
310	P279	Pwi-23	Tr	11422.1
311	P280	Cd-21b	Tr	13744
312	P281	Cd-21b	Tr	11422.2
313	P282	BCd-21	Tr	11422.3
314	P283	BCd-21	Tr	13743
316	P284	Pwi-28	Fl	8660
317	P285	Bi-29	Fl	8661
318	P286	BCi-28	Fl	8663
319	P287	Ci-28	Fl	8872
320	P288	Ci-28	Fl	8872
321	P289	Ci-28	Fl	8872
322	P290	Ci-28	Fl	8872
323	P291	Ci-28	Fl	8872
324	P292	Ci-28	Fl	8662
325	P293	Cid-27	Fl	8659